,oid,ent,sectionId
1,1,1,8250
2,1,2,8246
3,1,3,8249
4,1,4,8252
5,1,5,8247
6,1,6,8250
7,1,7,8253
8,1,8,8248
9,1,9,8049
10,1,1,8045
11,1,2,8048
12,1,3,8051
13,1,4,8046
14,1,5,8049
15,1,6,8052
16,1,7,8047
17,1,8,7748
18,1,9,7744
19,1,1,7747
20,1,2,7750
21,1,3,7745
22,1,4,7748
23,1,5,7751
24,1,6,7746
25,1,7,7247
26,1,8,7243
27,1,9,7246
28,1,1,7249
29,1,2,7244
30,1,3,7247
31,1,4,7250
32,1,5,7245
33,1,6,6546
34,1,7,6542
35,1,8,6545
36,1,9,6548
37,1,1,6543
38,1,2,6546
39,1,3,6549
40,1,4,6544
41,1,5,5844
42,1,6,5840
43,1,7,5843
44,1,8,5846
45,1,9,5841
46,1,1,5844
47,1,2,5847
48,1,3,5842
49,1,4,5343
50,1,5,5339
51,1,6,5342
52,1,7,5345
53,1,8,5340
54,1,9,5343
55,1,1,5346
56,1,2,5341
57,1,3,4841
58,1,4,4837
59,1,5,4840
60,1,6,4843
61,1,7,4838
62,1,8,4841
63,1,9,4844
64,1,1,4839
65,1,2,4440
66,1,3,4436
67,1,4,4439
68,1,5,4442
69,1,6,4437
70,1,7,4440
71,1,8,4443
72,1,9,4438
73,1,1,4140
74,1,2,4136
75,1,3,4139
76,1,4,4142
77,1,5,4137
78,1,6,4140
79,1,7,4143
80,1,8,4138
81,1,9,4140
82,1,1,4136
83,1,2,4139
84,1,3,4142
85,1,4,4137
86,1,5,4140
87,1,6,4143
88,1,7,4138
89,1,8,4140
90,1,9,4136
91,1,1,4139
92,1,2,4142
93,1,3,4137
94,1,4,4140
95,1,5,4143
96,1,6,4138
97,1,7,4241
98,1,8,4237
99,1,9,4240
100,1,1,4243
101,1,2,4238
102,1,3,4241
103,1,4,4244
104,1,5,4239
105,1,6,4542
106,1,7,4538
107,1,8,4541
108,1,9,4544
109,1,1,4539
110,1,2,4542
111,1,3,4545
112,1,4,4540
113,1,5,4943
114,1,6,4939
115,1,7,4942
116,1,8,4945
117,1,9,4940
118,1,1,4943
119,1,2,4946
120,1,3,4941
121,1,4,5445
122,1,5,5441
123,1,6,5444
124,1,7,5447
125,1,8,5442
126,1,9,5445
127,1,1,5448
128,1,2,5443
129,1,3,5945
130,1,4,5941
131,1,5,5944
132,1,6,5947
133,1,7,5942
134,1,8,5945
135,1,9,5948
136,1,1,5943
137,1,2,6445
138,1,3,6441
139,1,4,6444
140,1,5,6447
141,1,6,6442
142,1,7,6445
143,1,8,6448
144,1,9,6443
145,1,1,6744
146,1,2,6740
147,1,3,6743
148,1,4,6746
149,1,5,6741
150,1,6,6744
151,1,7,6747
152,1,8,6742
153,1,9,6842
154,1,1,6838
155,1,2,6841
156,1,3,6844
157,1,4,6839
158,1,5,6842
159,1,6,6845
160,1,7,6840
161,1,8,6839
162,1,9,6835
163,1,1,6838
164,1,2,6841
165,1,3,6836
166,1,4,6839
167,1,5,6842
168,1,6,6837
169,1,7,6735
170,1,8,6731
171,1,9,6734
172,1,1,6737
173,1,2,6732
174,1,3,6735
175,1,4,6738
176,1,5,6733
177,1,6,6631
178,1,7,6627
179,1,8,6630
180,1,9,6633
181,1,1,6628
182,1,2,6631
183,1,3,6634
184,1,4,6629
185,1,5,6427
186,1,6,6423
187,1,7,6426
188,1,8,6429
189,1,9,6424
190,1,1,6427
191,1,2,6430
192,1,3,6425
193,1,4,6224
194,1,5,6220
195,1,6,6223
196,1,7,6226
197,1,8,6221
198,1,9,6224
199,1,1,6227
200,1,2,6222
201,1,3,6021
202,1,4,6017
203,1,5,6020
204,1,6,6023
205,1,7,6018
206,1,8,6021
207,1,9,6024
208,1,1,6019
209,1,2,5920
210,1,3,5916
211,1,4,5919
212,1,5,5922
213,1,6,5917
214,1,7,5920
215,1,8,5923
216,1,9,5918
217,1,1,5820
218,1,2,5816
219,1,3,5819
220,1,4,5822
221,1,5,5817
222,1,6,5820
223,1,7,5823
224,1,8,5818
225,1,9,5820
226,1,1,5816
227,1,2,5819
228,1,3,5822
229,1,4,5817
230,1,5,5820
231,1,6,5823
232,1,7,5818
233,1,8,5823
234,1,9,5819
235,1,1,5822
236,1,2,5825
237,1,3,5820
238,1,4,5823
239,1,5,5826
240,1,6,5821
241,1,7,5826
242,1,8,5822
243,1,9,5825
244,1,1,5828
245,1,2,5823
246,1,3,5826
247,1,4,5829
248,1,5,5824
249,1,6,6031
250,1,7,6027
251,1,8,6030
252,1,9,6033
253,1,1,6028
254,1,2,6031
255,1,3,6034
256,1,4,6029
257,1,5,6337
258,1,6,6333
259,1,7,6336
260,1,8,6339
261,1,9,6334
262,1,1,6337
263,1,2,6340
264,1,3,6335
265,1,4,6744
266,1,5,6740
267,1,6,6743
268,1,7,6746
269,1,8,6741
270,1,9,6744
271,1,1,6747
272,1,2,6742
273,1,3,7253
274,1,4,7249
275,1,5,7252
276,1,6,7255
277,1,7,7250
278,1,8,7253
279,1,9,7256
280,1,1,7251
281,1,2,7761
282,1,3,7757
283,1,4,7760
284,1,5,7763
285,1,6,7758
286,1,7,7761
287,1,8,7764
288,1,9,7759
289,1,1,8269
290,1,2,8265
291,1,3,8268
292,1,4,8271
293,1,5,8266
294,1,6,8269
295,1,7,8272
296,1,8,8267
297,1,9,8676
298,1,1,8672
299,1,2,8675
300,1,3,8678
301,1,4,8673
302,1,5,8676
303,1,6,8679
304,1,7,8674
305,1,8,8880
306,1,9,8876
307,1,1,8879
308,1,2,8882
309,1,3,8877
310,1,4,8880
311,1,5,8883
312,1,6,8878
313,1,7,8982
314,1,8,8978
315,1,9,8981
316,1,1,8984
317,1,2,8979
318,1,3,8982
319,1,4,8985
320,1,5,8980
321,1,6,8882
322,1,7,8878
323,1,8,8881
324,1,9,8884
325,1,1,8879
326,1,2,8882
327,1,3,8885
328,1,4,8880
329,1,5,8679
330,1,6,8675
331,1,7,8678
332,1,8,8681
333,1,9,8676
334,1,1,8679
335,1,2,8682
336,1,3,8677
337,1,4,8474
338,1,5,8470
339,1,6,8473
340,1,7,8476
341,1,8,8471
342,1,9,8474
343,1,1,8477
344,1,2,8472
345,1,3,8068
346,1,4,8064
347,1,5,8067
348,1,6,8070
349,1,7,8065
350,1,8,8068
351,1,9,8071
352,1,1,8066
353,1,2,7360
354,1,3,7356
355,1,4,7359
356,1,5,7362
357,1,6,7357
358,1,7,7360
359,1,8,7363
360,1,9,7358
361,1,1,6549
362,1,2,6545
363,1,3,6548
364,1,4,6551
365,1,5,6546
366,1,6,6549
367,1,7,6552
368,1,8,6547
369,1,9,5737
370,1,1,5733
371,1,2,5736
372,1,3,5739
373,1,4,5734
374,1,5,5737
375,1,6,5740
376,1,7,5735
377,1,8,4827
378,1,9,4823
379,1,1,4826
380,1,2,4829
381,1,3,4824
382,1,4,4827
383,1,5,4830
384,1,6,4825
385,1,7,3816
386,1,8,3812
387,1,9,3815
388,1,1,3818
389,1,2,3813
390,1,3,3816
391,1,4,3819
392,1,5,3814
393,1,6,2608
394,1,7,2604
395,1,8,2607
396,1,9,2610
397,1,1,2605
398,1,2,2608
399,1,3,2611
400,1,4,2606
401,1,5,1702
402,1,6,1698
403,1,7,1701
404,1,8,1704
405,1,9,1699
406,1,1,1702
407,1,2,1705
408,1,3,1700
409,1,4,1000
410,1,5,996
411,1,6,999
412,1,7,1002
413,1,8,997
414,1,9,1000
415,1,1,1003
416,1,2,998
417,1,3,501
418,1,4,497
419,1,5,500
420,1,6,503
421,1,7,498
422,1,8,501
423,1,9,504
424,1,1,499
425,1,2,204
426,1,3,200
427,1,4,203
428,1,5,206
429,1,6,201
430,1,7,204
431,1,8,207
432,1,9,202
433,1,1,310
434,1,2,306
435,1,3,309
436,1,4,312
437,1,5,307
438,1,6,310
439,1,7,313
440,1,8,308
441,1,9,719
442,1,1,715
443,1,2,718
444,1,3,721
445,1,4,716
446,1,5,719
447,1,6,722
448,1,7,717
449,1,8,1429
450,1,9,1425
451,1,1,1428
452,1,2,1431
453,1,3,1426
454,1,4,1429
455,1,5,1432
456,1,6,1427
457,1,7,2441
458,1,8,2437
459,1,9,2440
460,1,1,2443
461,1,2,2438
462,1,3,2441
463,1,4,2444
464,1,5,2439
465,1,6,3653
466,1,7,3649
467,1,8,3652
468,1,9,3655
469,1,1,3650
470,1,2,3653
471,1,3,3656
472,1,4,3651
473,1,5,4567
474,1,6,4563
475,1,7,4566
476,1,8,4569
477,1,9,4564
478,1,1,4567
479,1,2,4570
480,1,3,4565
481,1,4,5178
482,1,5,5174
483,1,6,5177
484,1,7,5180
485,1,8,5175
486,1,9,5178
487,1,1,5181
488,1,2,5176
489,1,3,5686
490,1,4,5682
491,1,5,5685
492,1,6,5688
493,1,7,5683
494,1,8,5686
495,1,9,5689
496,1,1,5684
497,1,2,5686
498,1,3,5682
499,1,4,5685
500,1,5,5688
501,1,6,5683
502,1,7,5686
503,1,8,5689
504,1,9,5684
505,1,1,5995
506,1,2,5991
507,1,3,5994
508,1,4,5997
509,1,5,5992
510,1,6,5995
511,1,7,5998
512,1,8,5993
513,1,9,5993
514,1,1,5989
515,1,2,5992
516,1,3,5995
517,1,4,5990
518,1,5,5993
519,1,6,5996
520,1,7,5991
521,1,8,5789
522,1,9,5785
523,1,1,5788
524,1,2,5791
525,1,3,5786
526,1,4,5789
527,1,5,5792
528,1,6,5787
529,1,7,5681
530,1,8,5677
531,1,9,5680
532,1,1,5683
533,1,2,5678
534,1,3,5681
535,1,4,5684
536,1,5,5679
537,1,6,5271
538,1,7,5267
539,1,8,5270
540,1,9,5273
541,1,1,5268
542,1,2,5271
543,1,3,5274
544,1,4,5269
545,1,5,4860
546,1,6,4856
547,1,7,4859
548,1,8,4862
549,1,9,4857
550,1,1,4860
551,1,2,4863
552,1,3,4858
553,1,4,4349
554,1,5,4345
555,1,6,4348
556,1,7,4351
557,1,8,4346
558,1,9,4349
559,1,1,4352
560,1,2,4347
561,1,3,3838
562,1,4,3834
563,1,5,3837
564,1,6,3840
565,1,7,3835
566,1,8,3838
567,1,9,3841
568,1,1,3836
569,1,2,3230
570,1,3,3226
571,1,4,3229
572,1,5,3232
573,1,6,3227
574,1,7,3230
575,1,8,3233
576,1,9,3228
577,1,1,2824
578,1,2,2820
579,1,3,2823
580,1,4,2826
581,1,5,2821
582,1,6,2824
583,1,7,2827
584,1,8,2822
585,1,9,2520
586,1,1,2516
587,1,2,2519
588,1,3,2522
589,1,4,2517
590,1,5,2520
591,1,6,2523
592,1,7,2518
593,1,8,2418
594,1,9,2414
595,1,1,2417
596,1,2,2420
597,1,3,2415
598,1,4,2418
599,1,5,2421
600,1,6,2416
601,1,7,2418
602,1,8,2414
603,1,9,2417
604,1,1,2420
605,1,2,2415
606,1,3,2418
607,1,4,2421
608,1,5,2416
609,1,6,2519
610,1,7,2515
611,1,8,2518
612,1,9,2521
613,1,1,2516
614,1,2,2519
615,1,3,2522
616,1,4,2517
617,1,5,2620
618,1,6,2616
619,1,7,2619
620,1,8,2622
621,1,9,2617
622,1,1,2620
623,1,2,2623
624,1,3,2618
625,1,4,2622
626,1,5,2618
627,1,6,2621
628,1,7,2624
629,1,8,2619
630,1,9,2622
631,1,1,2625
632,1,2,2620
633,1,3,2723
634,1,4,2719
635,1,5,2722
636,1,6,2725
637,1,7,2720
638,1,8,2723
639,1,9,2726
640,1,1,2721
641,1,2,2724
642,1,3,2720
643,1,4,2723
644,1,5,2726
645,1,6,2721
646,1,7,2724
647,1,8,2727
648,1,9,2722
649,1,1,2723
650,1,2,2719
651,1,3,2722
652,1,4,2725
653,1,5,2720
654,1,6,2723
655,1,7,2726
656,1,8,2721
657,1,9,2723
658,1,1,2719
659,1,2,2722
660,1,3,2725
661,1,4,2720
662,1,5,2723
663,1,6,2726
664,1,7,2721
665,1,8,2622
666,1,9,2618
667,1,1,2621
668,1,2,2624
669,1,3,2619
670,1,4,2622
671,1,5,2625
672,1,6,2620
673,1,7,2621
674,1,8,2617
675,1,9,2620
676,1,1,2623
677,1,2,2618
678,1,3,2621
679,1,4,2624
680,1,5,2619
681,1,6,2520
682,1,7,2516
683,1,8,2519
684,1,9,2522
685,1,1,2517
686,1,2,2520
687,1,3,2523
688,1,4,2518
689,1,5,2520
690,1,6,2516
691,1,7,2519
692,1,8,2522
693,1,9,2517
694,1,1,2520
695,1,2,2523
696,1,3,2518
697,1,4,2521
698,1,5,2517
699,1,6,2520
700,1,7,2523
701,1,8,2518
702,1,9,2521
703,1,1,2524
704,1,2,2519
705,1,3,2621
706,1,4,2617
707,1,5,2620
708,1,6,2623
709,1,7,2618
710,1,8,2621
711,1,9,2624
712,1,1,2619
713,1,2,2722
714,1,3,2718
715,1,4,2721
716,1,5,2724
717,1,6,2719
718,1,7,2722
719,1,8,2725
720,1,9,2720
721,1,1,2723
722,1,2,2719
723,1,3,2722
724,1,4,2725
725,1,5,2720
726,1,6,2723
727,1,7,2726
728,1,8,2721
729,1,9,2724
730,1,1,2720
731,1,2,2723
732,1,3,2726
733,1,4,2721
734,1,5,2724
735,1,6,2727
736,1,7,2722
737,1,8,2724
738,1,9,2720
739,1,1,2723
740,1,2,2726
741,1,3,2721
742,1,4,2724
743,1,5,2727
744,1,6,2722
745,1,7,2724
746,1,8,2720
747,1,9,2723
748,1,1,2726
749,1,2,2721
750,1,3,2724
751,1,4,2727
752,1,5,2722
753,1,6,2724
754,1,7,2720
755,1,8,2723
756,1,9,2726
757,1,1,2721
758,1,2,2724
759,1,3,2727
760,1,4,2722
761,1,5,2725
762,1,6,2721
763,1,7,2724
764,1,8,2727
765,1,9,2722
766,1,1,2725
767,1,2,2728
768,1,3,2723
769,1,4,2725
770,1,5,2721
771,1,6,2724
772,1,7,2727
773,1,8,2722
774,1,9,2725
775,1,1,2728
776,1,2,2723
777,1,3,2725
778,1,4,2721
779,1,5,2724
780,1,6,2727
781,1,7,2722
782,1,8,2725
783,1,9,2728
784,1,1,2723
785,1,2,2825
786,1,3,2821
787,1,4,2824
788,1,5,2827
789,1,6,2822
790,1,7,2825
791,1,8,2828
792,1,9,2823
793,1,1,2825
794,1,2,2821
795,1,3,2824
796,1,4,2827
797,1,5,2822
798,1,6,2825
799,1,7,2828
800,1,8,2823
801,1,9,2825
802,1,1,2821
803,1,2,2824
804,1,3,2827
805,1,4,2822
806,1,5,2825
807,1,6,2828
808,1,7,2823
809,1,8,2925
810,1,9,2921
811,1,1,2924
812,1,2,2927
813,1,3,2922
814,1,4,2925
815,1,5,2928
816,1,6,2923
817,1,7,2925
818,1,8,2921
819,1,9,2924
820,1,1,2927
821,1,2,2922
822,1,3,2925
823,1,4,2928
824,1,5,2923
825,1,6,2925
826,1,7,2921
827,1,8,2924
828,1,9,2927
829,1,1,2922
830,1,2,2925
831,1,3,2928
832,1,4,2923
833,1,5,2924
834,1,6,2920
835,1,7,2923
836,1,8,2926
837,1,9,2921
838,1,1,2924
839,1,2,2927
840,1,3,2922
841,1,4,2823
842,1,5,2819
843,1,6,2822
844,1,7,2825
845,1,8,2820
846,1,9,2823
847,1,1,2826
848,1,2,2821
849,1,3,2621
850,1,4,2617
851,1,5,2620
852,1,6,2623
853,1,7,2618
854,1,8,2621
855,1,9,2624
856,1,1,2619
857,1,2,2319
858,1,3,2315
859,1,4,2318
860,1,5,2321
861,1,6,2316
862,1,7,2319
863,1,8,2322
864,1,9,2317
865,1,1,2018
866,1,2,2014
867,1,3,2017
868,1,4,2020
869,1,5,2015
870,1,6,2018
871,1,7,2021
872,1,8,2016
873,1,9,1918
874,1,1,1914
875,1,2,1917
876,1,3,1920
877,1,4,1915
878,1,5,1918
879,1,6,1921
880,1,7,1916
881,1,8,1719
882,1,9,1715
883,1,1,1718
884,1,2,1721
885,1,3,1716
886,1,4,1719
887,1,5,1722
888,1,6,1717
889,1,7,1721
890,1,8,1717
891,1,9,1720
892,1,1,1723
893,1,2,1718
894,1,3,1721
895,1,4,1724
896,1,5,1719
897,1,6,1823
898,1,7,1819
899,1,8,1822
900,1,9,1825
901,1,1,1820
902,1,2,1823
903,1,3,1826
904,1,4,1821
905,1,5,2125
906,1,6,2121
907,1,7,2124
908,1,8,2127
909,1,9,2122
910,1,1,2125
911,1,2,2128
912,1,3,2123
913,1,4,2427
914,1,5,2423
915,1,6,2426
916,1,7,2429
917,1,8,2424
918,1,9,2427
919,1,1,2430
920,1,2,2425
921,1,3,2728
922,1,4,2724
923,1,5,2727
924,1,6,2730
925,1,7,2725
926,1,8,2728
927,1,9,2731
928,1,1,2726
929,1,2,2929
930,1,3,2925
931,1,4,2928
932,1,5,2931
933,1,6,2926
934,1,7,2929
935,1,8,2932
936,1,9,2927
937,1,1,2929
938,1,2,2925
939,1,3,2928
940,1,4,2931
941,1,5,2926
942,1,6,2929
943,1,7,2932
944,1,8,2927
945,1,9,2928
946,1,1,2924
947,1,2,2927
948,1,3,2930
949,1,4,2925
950,1,5,2928
951,1,6,2931
952,1,7,2926
953,1,8,2828
954,1,9,2824
955,1,1,2827
956,1,2,2830
957,1,3,2825
958,1,4,2828
959,1,5,2831
960,1,6,2826
961,1,7,2627
962,1,8,2623
963,1,9,2626
964,1,1,2629
965,1,2,2624
966,1,3,2627
967,1,4,2630
968,1,5,2625
969,1,6,2226
970,1,7,2222
971,1,8,2225
972,1,9,2228
973,1,1,2223
974,1,2,2226
975,1,3,2229
976,1,4,2224
977,1,5,2026
978,1,6,2022
979,1,7,2025
980,1,8,2028
981,1,9,2023
982,1,1,2026
983,1,2,2029
984,1,3,2024
985,1,4,1926
986,1,5,1922
987,1,6,1925
988,1,7,1928
989,1,8,1923
990,1,9,1926
991,1,1,1929
992,1,2,1924
993,1,3,1827
994,1,4,1823
995,1,5,1826
996,1,6,1829
997,1,7,1824
998,1,8,1827
999,1,9,1830
1000,1,1,1825
1001,1,2,1928
1002,1,3,1924
1003,1,4,1927
1004,1,5,1930
1005,1,6,1925
1006,1,7,1928
1007,1,8,1931
1008,1,9,1926
1009,1,1,1928
1010,1,2,1924
1011,1,3,1927
1012,1,4,1930
1013,1,5,1925
1014,1,6,1928
1015,1,7,1931
1016,1,8,1926
1017,1,9,2331
1018,1,1,2327
1019,1,2,2330
1020,1,3,2333
1021,1,4,2328
1022,1,5,2331
1023,1,6,2334
1024,1,7,2329
1025,1,8,2633
1026,1,9,2629
1027,1,1,2632
1028,1,2,2635
1029,1,3,2630
1030,1,4,2633
1031,1,5,2636
1032,1,6,2631
1033,1,7,2935
1034,1,8,2931
1035,1,9,2934
1036,1,1,2937
1037,1,2,2932
1038,1,3,2935
1039,1,4,2938
1040,1,5,2933
1041,1,6,3236
1042,1,7,3232
1043,1,8,3235
1044,1,9,3238
1045,1,1,3233
1046,1,2,3236
1047,1,3,3239
1048,1,4,3234
1049,1,5,3437
1050,1,6,3433
1051,1,7,3436
1052,1,8,3439
1053,1,9,3434
1054,1,1,3437
1055,1,2,3440
1056,1,3,3435
1057,1,4,3637
1058,1,5,3633
1059,1,6,3636
1060,1,7,3639
1061,1,8,3634
1062,1,9,3637
1063,1,1,3640
1064,1,2,3635
1065,1,3,3637
1066,1,4,3633
1067,1,5,3636
1068,1,6,3639
1069,1,7,3634
1070,1,8,3637
1071,1,9,3640
1072,1,1,3635
1073,1,2,3938
1074,1,3,3934
1075,1,4,3937
1076,1,5,3940
1077,1,6,3935
1078,1,7,3938
1079,1,8,3941
1080,1,9,3936
1081,1,1,4037
1082,1,2,4033
1083,1,3,4036
1084,1,4,4039
1085,1,5,4034
1086,1,6,4037
1087,1,7,4040
1088,1,8,4035
1089,1,9,4037
1090,1,1,4033
1091,1,2,4036
1092,1,3,4039
1093,1,4,4034
1094,1,5,4037
1095,1,6,4040
1096,1,7,4035
1097,1,8,4036
1098,1,9,4032
1099,1,1,4035
1100,1,2,4038
1101,1,3,4033
1102,1,4,4036
1103,1,5,4039
1104,1,6,4034
1105,1,7,3935
1106,1,8,3931
1107,1,9,3934
1108,1,1,3937
1109,1,2,3932
1110,1,3,3935
1111,1,4,3938
1112,1,5,3933
1113,1,6,3734
1114,1,7,3730
1115,1,8,3733
1116,1,9,3736
1117,1,1,3731
1118,1,2,3734
1119,1,3,3737
1120,1,4,3732
1121,1,5,3434
1122,1,6,3430
1123,1,7,3433
1124,1,8,3436
1125,1,9,3431
1126,1,1,3434
1127,1,2,3437
1128,1,3,3432
1129,1,4,3033
1130,1,5,3029
1131,1,6,3032
1132,1,7,3035
1133,1,8,3030
1134,1,9,3033
1135,1,1,3036
1136,1,2,3031
1137,1,3,2733
1138,1,4,2729
1139,1,5,2732
1140,1,6,2735
1141,1,7,2730
1142,1,8,2733
1143,1,9,2736
1144,1,1,2731
1145,1,2,2534
1146,1,3,2530
1147,1,4,2533
1148,1,5,2536
1149,1,6,2531
1150,1,7,2534
1151,1,8,2537
1152,1,9,2532
1153,1,1,2335
1154,1,2,2331
1155,1,3,2334
1156,1,4,2337
1157,1,5,2332
1158,1,6,2335
1159,1,7,2338
1160,1,8,2333
1161,1,9,2436
1162,1,1,2432
1163,1,2,2435
1164,1,3,2438
1165,1,4,2433
1166,1,5,2436
1167,1,6,2439
1168,1,7,2434
1169,1,8,2537
1170,1,9,2533
1171,1,1,2536
1172,1,2,2539
1173,1,3,2534
1174,1,4,2537
1175,1,5,2540
1176,1,6,2535
1177,1,7,2839
1178,1,8,2835
1179,1,9,2838
1180,1,1,2841
1181,1,2,2836
1182,1,3,2839
1183,1,4,2842
1184,1,5,2837
1185,1,6,3039
1186,1,7,3035
1187,1,8,3038
1188,1,9,3041
1189,1,1,3036
1190,1,2,3039
1191,1,3,3042
1192,1,4,3037
1193,1,5,3340
1194,1,6,3336
1195,1,7,3339
1196,1,8,3342
1197,1,9,3337
1198,1,1,3340
1199,1,2,3343
1200,1,3,3338
1201,1,4,3440
1202,1,5,3436
1203,1,6,3439
1204,1,7,3442
1205,1,8,3437
1206,1,9,3440
1207,1,1,3443
1208,1,2,3438
1209,1,3,3340
1210,1,4,3336
1211,1,5,3339
1212,1,6,3342
1213,1,7,3337
1214,1,8,3340
1215,1,9,3343
1216,1,1,3338
1217,1,2,3240
1218,1,3,3236
1219,1,4,3239
1220,1,5,3242
1221,1,6,3237
1222,1,7,3240
1223,1,8,3243
1224,1,9,3238
1225,1,1,2739
1226,1,2,2735
1227,1,3,2738
1228,1,4,2741
1229,1,5,2736
1230,1,6,2739
1231,1,7,2742
1232,1,8,2737
1233,1,9,2138
1234,1,1,2134
1235,1,2,2137
1236,1,3,2140
1237,1,4,2135
1238,1,5,2138
1239,1,6,2141
1240,1,7,2136
1241,1,8,1537
1242,1,9,1533
1243,1,1,1536
1244,1,2,1539
1245,1,3,1534
1246,1,4,1537
1247,1,5,1540
1248,1,6,1535
1249,1,7,837
1250,1,8,833
1251,1,9,836
1252,1,1,839
1253,1,2,834
1254,1,3,837
1255,1,4,840
1256,1,5,835
1257,1,6,437
1258,1,7,433
1259,1,8,436
1260,1,9,439
1261,1,1,434
1262,1,2,437
1263,1,3,440
1264,1,4,435
1265,1,5,137
1266,1,6,133
1267,1,7,136
1268,1,8,139
1269,1,9,134
1270,1,1,137
1271,1,2,140
1272,1,3,135
1273,1,4,38
1274,1,5,34
1275,1,6,37
1276,1,7,40
1277,1,8,35
1278,1,9,38
1279,1,1,41
1280,1,2,36
1281,1,3,138
1282,1,4,134
1283,1,5,137
1284,1,6,140
1285,1,7,135
1286,1,8,138
1287,1,9,141
1288,1,1,136
1289,1,2,138
1290,1,3,134
1291,1,4,137
1292,1,5,140
1293,1,6,135
1294,1,7,138
1295,1,8,141
1296,1,9,136
1297,1,1,138
1298,1,2,134
1299,1,3,137
1300,1,4,140
1301,1,5,135
1302,1,6,138
1303,1,7,141
1304,1,8,136
1305,1,9,939
1306,1,1,935
1307,1,2,938
1308,1,3,941
1309,1,4,936
1310,1,5,939
1311,1,6,942
1312,1,7,937
1313,1,8,1439
1314,1,9,1435
1315,1,1,1438
1316,1,2,1441
1317,1,3,1436
1318,1,4,1439
1319,1,5,1442
1320,1,6,1437
1321,1,7,1839
1322,1,8,1835
1323,1,9,1838
1324,1,1,1841
1325,1,2,1836
1326,1,3,1839
1327,1,4,1842
1328,1,5,1837
1329,1,6,2239
1330,1,7,2235
1331,1,8,2238
1332,1,9,2241
1333,1,1,2236
1334,1,2,2239
1335,1,3,2242
1336,1,4,2237
1337,1,5,2639
1338,1,6,2635
1339,1,7,2638
1340,1,8,2641
1341,1,9,2636
1342,1,1,2639
1343,1,2,2642
1344,1,3,2637
1345,1,4,2939
1346,1,5,2935
1347,1,6,2938
1348,1,7,2941
1349,1,8,2936
1350,1,9,2939
1351,1,1,2942
1352,1,2,2937
1353,1,3,3339
1354,1,4,3335
1355,1,5,3338
1356,1,6,3341
1357,1,7,3336
1358,1,8,3339
1359,1,9,3342
1360,1,1,3337
1361,1,2,3640
1362,1,3,3636
1363,1,4,3639
1364,1,5,3642
1365,1,6,3637
1366,1,7,3640
1367,1,8,3643
1368,1,9,3638
1369,1,1,3840
1370,1,2,3836
1371,1,3,3839
1372,1,4,3842
1373,1,5,3837
1374,1,6,3840
1375,1,7,3843
1376,1,8,3838
1377,1,9,3940
1378,1,1,3936
1379,1,2,3939
1380,1,3,3942
1381,1,4,3937
1382,1,5,3940
1383,1,6,3943
1384,1,7,3938
1385,1,8,4041
1386,1,9,4037
1387,1,1,4040
1388,1,2,4043
1389,1,3,4038
1390,1,4,4041
1391,1,5,4044
1392,1,6,4039
1393,1,7,4141
1394,1,8,4137
1395,1,9,4140
1396,1,1,4143
1397,1,2,4138
1398,1,3,4141
1399,1,4,4144
1400,1,5,4139
1401,1,6,4141
1402,1,7,4137
1403,1,8,4140
1404,1,9,4143
1405,1,1,4138
1406,1,2,4141
1407,1,3,4144
1408,1,4,4139
1409,1,5,4141
1410,1,6,4137
1411,1,7,4140
1412,1,8,4143
1413,1,9,4138
1414,1,1,4141
1415,1,2,4144
1416,1,3,4139
1417,1,4,4141
1418,1,5,4137
1419,1,6,4140
1420,1,7,4143
1421,1,8,4138
1422,1,9,4141
1423,1,1,4144
1424,1,2,4139
1425,1,3,4141
1426,1,4,4137
1427,1,5,4140
1428,1,6,4143
1429,1,7,4138
1430,1,8,4141
1431,1,9,4144
1432,1,1,4139
1433,1,2,4341
1434,1,3,4337
1435,1,4,4340
1436,1,5,4343
1437,1,6,4338
1438,1,7,4341
1439,1,8,4344
1440,1,9,4339
1441,1,1,4341
1442,1,2,4337
1443,1,3,4340
1444,1,4,4343
1445,1,5,4338
1446,1,6,4341
1447,1,7,4344
1448,1,8,4339
1449,1,9,4341
1450,1,1,4337
1451,1,2,4340
1452,1,3,4343
1453,1,4,4338
1454,1,5,4341
1455,1,6,4344
1456,1,7,4339
1457,1,8,4341
1458,1,9,4337
1459,1,1,4340
1460,1,2,4343
1461,1,3,4338
1462,1,4,4341
1463,1,5,4344
1464,1,6,4339
1465,1,7,4241
1466,1,8,4237
1467,1,9,4240
1468,1,1,4243
1469,1,2,4238
1470,1,3,4241
1471,1,4,4244
1472,1,5,4239
1473,1,6,4141
1474,1,7,4137
1475,1,8,4140
1476,1,9,4143
1477,1,1,4138
1478,1,2,4141
1479,1,3,4144
1480,1,4,4139
1481,1,5,3941
1482,1,6,3937
1483,1,7,3940
1484,1,8,3943
1485,1,9,3938
1486,1,1,3941
1487,1,2,3944
1488,1,3,3939
1489,1,4,3641
1490,1,5,3637
1491,1,6,3640
1492,1,7,3643
1493,1,8,3638
1494,1,9,3641
1495,1,1,3644
1496,1,2,3639
1497,1,3,3341
1498,1,4,3337
1499,1,5,3340
1500,1,6,3343
1501,1,7,3338
1502,1,8,3341
1503,1,9,3344
1504,1,1,3339
1505,1,2,3041
1506,1,3,3037
1507,1,4,3040
1508,1,5,3043
1509,1,6,3038
1510,1,7,3041
1511,1,8,3044
1512,1,9,3039
1513,1,1,2941
1514,1,2,2937
1515,1,3,2940
1516,1,4,2943
1517,1,5,2938
1518,1,6,2941
1519,1,7,2944
1520,1,8,2939
1521,1,9,2842
1522,1,1,2838
1523,1,2,2841
1524,1,3,2844
1525,1,4,2839
1526,1,5,2842
1527,1,6,2845
1528,1,7,2840
1529,1,8,2843
1530,1,9,2839
1531,1,1,2842
1532,1,2,2845
1533,1,3,2840
1534,1,4,2843
1535,1,5,2846
1536,1,6,2841
1537,1,7,2945
1538,1,8,2941
1539,1,9,2944
1540,1,1,2947
1541,1,2,2942
1542,1,3,2945
1543,1,4,2948
1544,1,5,2943
1545,1,6,3146
1546,1,7,3142
1547,1,8,3145
1548,1,9,3148
1549,1,1,3143
1550,1,2,3146
1551,1,3,3149
1552,1,4,3144
1553,1,5,3347
1554,1,6,3343
1555,1,7,3346
1556,1,8,3349
1557,1,9,3344
1558,1,1,3347
1559,1,2,3350
1560,1,3,3345
1561,1,4,3648
1562,1,5,3644
1563,1,6,3647
1564,1,7,3650
1565,1,8,3645
1566,1,9,3648
1567,1,1,3651
1568,1,2,3646
1569,1,3,3948
1570,1,4,3944
1571,1,5,3947
1572,1,6,3950
1573,1,7,3945
1574,1,8,3948
1575,1,9,3951
1576,1,1,3946
1577,1,2,4048
1578,1,3,4044
1579,1,4,4047
1580,1,5,4050
1581,1,6,4045
1582,1,7,4048
1583,1,8,4051
1584,1,9,4046
1585,1,1,4148
1586,1,2,4144
1587,1,3,4147
1588,1,4,4150
1589,1,5,4145
1590,1,6,4148
1591,1,7,4151
1592,1,8,4146
1593,1,9,4048
1594,1,1,4044
1595,1,2,4047
1596,1,3,4050
1597,1,4,4045
1598,1,5,4048
1599,1,6,4051
1600,1,7,4046
1601,1,8,4148
1602,1,9,4144
1603,1,1,4147
1604,1,2,4150
1605,1,3,4145
1606,1,4,4148
1607,1,5,4151
1608,1,6,4146
1609,1,7,4149
1610,1,8,4145
1611,1,9,4148
1612,1,1,4151
1613,1,2,4146
1614,1,3,4149
1615,1,4,4152
1616,1,5,4147
1617,1,6,4250
1618,1,7,4246
1619,1,8,4249
1620,1,9,4252
1621,1,1,4247
1622,1,2,4250
1623,1,3,4253
1624,1,4,4248
1625,1,5,4451
1626,1,6,4447
1627,1,7,4450
1628,1,8,4453
1629,1,9,4448
1630,1,1,4451
1631,1,2,4454
1632,1,3,4449
1633,1,4,4552
1634,1,5,4548
1635,1,6,4551
1636,1,7,4554
1637,1,8,4549
1638,1,9,4552
1639,1,1,4555
1640,1,2,4550
1641,1,3,4753
1642,1,4,4749
1643,1,5,4752
1644,1,6,4755
1645,1,7,4750
1646,1,8,4753
1647,1,9,4756
1648,1,1,4751
1649,1,2,4953
1650,1,3,4949
1651,1,4,4952
1652,1,5,4955
1653,1,6,4950
1654,1,7,4953
1655,1,8,4956
1656,1,9,4951
1657,1,1,5153
1658,1,2,5149
1659,1,3,5152
1660,1,4,5155
1661,1,5,5150
1662,1,6,5153
1663,1,7,5156
1664,1,8,5151
1665,1,9,5252
1666,1,1,5248
1667,1,2,5251
1668,1,3,5254
1669,1,4,5249
1670,1,5,5252
1671,1,6,5255
1672,1,7,5250
1673,1,8,5351
1674,1,9,5347
1675,1,1,5350
1676,1,2,5353
1677,1,3,5348
1678,1,4,5351
1679,1,5,5354
1680,1,6,5349
1681,1,7,5250
1682,1,8,5246
1683,1,9,5249
1684,1,1,5252
1685,1,2,5247
1686,1,3,5250
1687,1,4,5253
1688,1,5,5248
1689,1,6,5149
1690,1,7,5145
1691,1,8,5148
1692,1,9,5151
1693,1,1,5146
1694,1,2,5149
1695,1,3,5152
1696,1,4,5147
1697,1,5,4848
1698,1,6,4844
1699,1,7,4847
1700,1,8,4850
1701,1,9,4845
1702,1,1,4848
1703,1,2,4851
1704,1,3,4846
1705,1,4,4448
1706,1,5,4444
1707,1,6,4447
1708,1,7,4450
1709,1,8,4445
1710,1,9,4448
1711,1,1,4451
1712,1,2,4446
1713,1,3,4049
1714,1,4,4045
1715,1,5,4048
1716,1,6,4051
1717,1,7,4046
1718,1,8,4049
1719,1,9,4052
1720,1,1,4047
1721,1,2,3750
1722,1,3,3746
1723,1,4,3749
1724,1,5,3752
1725,1,6,3747
1726,1,7,3750
1727,1,8,3753
1728,1,9,3748
1729,1,1,3651
1730,1,2,3647
1731,1,3,3650
1732,1,4,3653
1733,1,5,3648
1734,1,6,3651
1735,1,7,3654
1736,1,8,3649
1737,1,9,3652
1738,1,1,3648
1739,1,2,3651
1740,1,3,3654
1741,1,4,3649
1742,1,5,3652
1743,1,6,3655
1744,1,7,3650
1745,1,8,3754
1746,1,9,3750
1747,1,1,3753
1748,1,2,3756
1749,1,3,3751
1750,1,4,3754
1751,1,5,3757
1752,1,6,3752
1753,1,7,4056
1754,1,8,4052
1755,1,9,4055
1756,1,1,4058
1757,1,2,4053
1758,1,3,4056
1759,1,4,4059
1760,1,5,4054
1761,1,6,4357
1762,1,7,4353
1763,1,8,4356
1764,1,9,4359
1765,1,1,4354
1766,1,2,4357
1767,1,3,4360
1768,1,4,4355
1769,1,5,4357
1770,1,6,4353
1771,1,7,4356
1772,1,8,4359
1773,1,9,4354
1774,1,1,4357
1775,1,2,4360
1776,1,3,4355
1777,1,4,5257
1778,1,5,5253
1779,1,6,5256
1780,1,7,5259
1781,1,8,5254
1782,1,9,5257
1783,1,1,5260
1784,1,2,5255
1785,1,3,5757
1786,1,4,5753
1787,1,5,5756
1788,1,6,5759
1789,1,7,5754
1790,1,8,5757
1791,1,9,5760
1792,1,1,5755
1793,1,2,6457
1794,1,3,6453
1795,1,4,6456
1796,1,5,6459
1797,1,6,6454
1798,1,7,6457
1799,1,8,6460
1800,1,9,6455
1801,1,1,7357
1802,1,2,7353
1803,1,3,7356
1804,1,4,7359
1805,1,5,7354
1806,1,6,7357
1807,1,7,7360
1808,1,8,7355
1809,1,9,8356
1810,1,1,8352
1811,1,2,8355
1812,1,3,8358
1813,1,4,8353
1814,1,5,8356
1815,1,6,8359
1816,1,7,8354
1817,1,8,8356
1818,1,9,8352
1819,1,1,8355
1820,1,2,8358
1821,1,3,8353
1822,1,4,8356
1823,1,5,8359
1824,1,6,8354
1825,1,7,9554
1826,1,8,9550
1827,1,9,9553
1828,1,1,9556
1829,1,2,9551
1830,1,3,9554
1831,1,4,9557
1832,1,5,9552
1833,1,6,9854
1834,1,7,9850
1835,1,8,9853
1836,1,9,9856
1837,1,1,9851
1838,1,2,9854
1839,1,3,9857
1840,1,4,9852
1841,1,5,9953
1842,1,6,9949
1843,1,7,9952
1844,1,8,9955
1845,1,9,9950
1846,1,1,9953
1847,1,2,9956
1848,1,3,9951
1849,1,4,9752
1850,1,5,9748
1851,1,6,9751
1852,1,7,9754
1853,1,8,9749
1854,1,9,9752
1855,1,1,9755
1856,1,2,9750
1857,1,3,9551
1858,1,4,9547
1859,1,5,9550
1860,1,6,9553
1861,1,7,9548
1862,1,8,9551
1863,1,9,9554
1864,1,1,9549
1865,1,2,9149
1866,1,3,9145
1867,1,4,9148
1868,1,5,9151
1869,1,6,9146
1870,1,7,9149
1871,1,8,9152
1872,1,9,9147
1873,1,1,8348
1874,1,2,8344
1875,1,3,8347
1876,1,4,8350
1877,1,5,8345
1878,1,6,8348
1879,1,7,8351
1880,1,8,8346
1881,1,9,7246
1882,1,1,7242
1883,1,2,7245
1884,1,3,7248
1885,1,4,7243
1886,1,5,7246
1887,1,6,7249
1888,1,7,7244
1889,1,8,6145
1890,1,9,6141
1891,1,1,6144
1892,1,2,6147
1893,1,3,6142
1894,1,4,6145
1895,1,5,6148
1896,1,6,6143
1897,1,7,5143
1898,1,8,5139
1899,1,9,5142
1900,1,1,5145
1901,1,2,5140
1902,1,3,5143
1903,1,4,5146
1904,1,5,5141
1905,1,6,4243
1906,1,7,4239
1907,1,8,4242
1908,1,9,4245
1909,1,1,4240
1910,1,2,4243
1911,1,3,4246
1912,1,4,4241
1913,1,5,3542
1914,1,6,3538
1915,1,7,3541
1916,1,8,3544
1917,1,9,3539
1918,1,1,3542
1919,1,2,3545
1920,1,3,3540
1921,1,4,3143
1922,1,5,3139
1923,1,6,3142
1924,1,7,3145
1925,1,8,3140
1926,1,9,3143
1927,1,1,3146
1928,1,2,3141
1929,1,3,2844
1930,1,4,2840
1931,1,5,2843
1932,1,6,2846
1933,1,7,2841
1934,1,8,2844
1935,1,9,2847
1936,1,1,2842
1937,1,2,2846
1938,1,3,2842
1939,1,4,2845
1940,1,5,2848
1941,1,6,2843
1942,1,7,2846
1943,1,8,2849
1944,1,9,2844
1945,1,1,3047
1946,1,2,3043
1947,1,3,3046
1948,1,4,3049
1949,1,5,3044
1950,1,6,3047
1951,1,7,3050
1952,1,8,3045
1953,1,9,3449
1954,1,1,3445
1955,1,2,3448
1956,1,3,3451
1957,1,4,3446
1958,1,5,3449
1959,1,6,3452
1960,1,7,3447
1961,1,8,4051
1962,1,9,4047
1963,1,1,4050
1964,1,2,4053
1965,1,3,4048
1966,1,4,4051
1967,1,5,4054
1968,1,6,4049
1969,1,7,4652
1970,1,8,4648
1971,1,9,4651
1972,1,1,4654
1973,1,2,4649
1974,1,3,4652
1975,1,4,4655
1976,1,5,4650
1977,1,6,5253
1978,1,7,5249
1979,1,8,5252
1980,1,9,5255
1981,1,1,5250
1982,1,2,5253
1983,1,3,5256
1984,1,4,5251
1985,1,5,5854
1986,1,6,5850
1987,1,7,5853
1988,1,8,5856
1989,1,9,5851
1990,1,1,5854
1991,1,2,5857
1992,1,3,5852
1993,1,4,6454
1994,1,5,6450
1995,1,6,6453
1996,1,7,6456
1997,1,8,6451
1998,1,9,6454
1999,1,1,6457
2000,1,2,6452
2001,1,3,7053
2002,1,4,7049
2003,1,5,7052
2004,1,6,7055
2005,1,7,7050
2006,1,8,7053
2007,1,9,7056
2008,1,1,7051
2009,1,2,7352
2010,1,3,7348
2011,1,4,7351
2012,1,5,7354
2013,1,6,7349
2014,1,7,7352
2015,1,8,7355
2016,1,9,7350
2017,1,1,7351
2018,1,2,7347
2019,1,3,7350
2020,1,4,7353
2021,1,5,7348
2022,1,6,7351
2023,1,7,7354
2024,1,8,7349
2025,1,9,6949
2026,1,1,6945
2027,1,2,6948
2028,1,3,6951
2029,1,4,6946
2030,1,5,6949
2031,1,6,6952
2032,1,7,6947
2033,1,8,6247
2034,1,9,6243
2035,1,1,6246
2036,1,2,6249
2037,1,3,6244
2038,1,4,6247
2039,1,5,6250
2040,1,6,6245
2041,1,7,5345
2042,1,8,5341
2043,1,9,5344
2044,1,1,5347
2045,1,2,5342
2046,1,3,5345
2047,1,4,5348
2048,1,5,5343
2049,1,6,4444
2050,1,7,4440
2051,1,8,4443
2052,1,9,4446
2053,1,1,4441
2054,1,2,4444
2055,1,3,4447
2056,1,4,4442
2057,1,5,3544
2058,1,6,3540
2059,1,7,3543
2060,1,8,3546
2061,1,9,3541
2062,1,1,3544
2063,1,2,3547
2064,1,3,3542
2065,1,4,2946
2066,1,5,2942
2067,1,6,2945
2068,1,7,2948
2069,1,8,2943
2070,1,9,2946
2071,1,1,2949
2072,1,2,2944
2073,1,3,2648
2074,1,4,2644
2075,1,5,2647
2076,1,6,2650
2077,1,7,2645
2078,1,8,2648
2079,1,9,2651
2080,1,1,2646
2081,1,2,2650
2082,1,3,2646
2083,1,4,2649
2084,1,5,2652
2085,1,6,2647
2086,1,7,2650
2087,1,8,2653
2088,1,9,2648
2089,1,1,2954
2090,1,2,2950
2091,1,3,2953
2092,1,4,2956
2093,1,5,2951
2094,1,6,2954
2095,1,7,2957
2096,1,8,2952
2097,1,9,3558
2098,1,1,3554
2099,1,2,3557
2100,1,3,3560
2101,1,4,3555
2102,1,5,3558
2103,1,6,3561
2104,1,7,3556
2105,1,8,4260
2106,1,9,4256
2107,1,1,4259
2108,1,2,4262
2109,1,3,4257
2110,1,4,4260
2111,1,5,4263
2112,1,6,4258
2113,1,7,4862
2114,1,8,4858
2115,1,9,4861
2116,1,1,4864
2117,1,2,4859
2118,1,3,4862
2119,1,4,4865
2120,1,5,4860
2121,1,6,5462
2122,1,7,5458
2123,1,8,5461
2124,1,9,5464
2125,1,1,5459
2126,1,2,5462
2127,1,3,5465
2128,1,4,5460
2129,1,5,6062
2130,1,6,6058
2131,1,7,6061
2132,1,8,6064
2133,1,9,6059
2134,1,1,6062
2135,1,2,6065
2136,1,3,6060
2137,1,4,6362
2138,1,5,6358
2139,1,6,6361
2140,1,7,6364
2141,1,8,6359
2142,1,9,6362
2143,1,1,6365
2144,1,2,6360
2145,1,3,6362
2146,1,4,6358
2147,1,5,6361
2148,1,6,6364
2149,1,7,6359
2150,1,8,6362
2151,1,9,6365
2152,1,1,6360
2153,1,2,6161
2154,1,3,6157
2155,1,4,6160
2156,1,5,6163
2157,1,6,6158
2158,1,7,6161
2159,1,8,6164
2160,1,9,6159
2161,1,1,5759
2162,1,2,5755
2163,1,3,5758
2164,1,4,5761
2165,1,5,5756
2166,1,6,5759
2167,1,7,5762
2168,1,8,5757
2169,1,9,5159
2170,1,1,5155
2171,1,2,5158
2172,1,3,5161
2173,1,4,5156
2174,1,5,5159
2175,1,6,5162
2176,1,7,5157
2177,1,8,4759
2178,1,9,4755
2179,1,1,4758
2180,1,2,4761
2181,1,3,4756
2182,1,4,4759
2183,1,5,4762
2184,1,6,4757
2185,1,7,4560
2186,1,8,4556
2187,1,9,4559
2188,1,1,4562
2189,1,2,4557
2190,1,3,4560
2191,1,4,4563
2192,1,5,4558
2193,1,6,4361
2194,1,7,4357
2195,1,8,4360
2196,1,9,4363
2197,1,1,4358
2198,1,2,4361
2199,1,3,4364
2200,1,4,4359
2201,1,5,4463
2202,1,6,4459
2203,1,7,4462
2204,1,8,4465
2205,1,9,4460
2206,1,1,4463
2207,1,2,4466
2208,1,3,4461
2209,1,4,4764
2210,1,5,4760
2211,1,6,4763
2212,1,7,4766
2213,1,8,4761
2214,1,9,4764
2215,1,1,4767
2216,1,2,4762
2217,1,3,4764
2218,1,4,4760
2219,1,5,4763
2220,1,6,4766
2221,1,7,4761
2222,1,8,4764
2223,1,9,4767
2224,1,1,4762
2225,1,2,5566
2226,1,3,5562
2227,1,4,5565
2228,1,5,5568
2229,1,6,5563
2230,1,7,5566
2231,1,8,5569
2232,1,9,5564
2233,1,1,5566
2234,1,2,5562
2235,1,3,5565
2236,1,4,5568
2237,1,5,5563
2238,1,6,5566
2239,1,7,5569
2240,1,8,5564
2241,1,9,6465
2242,1,1,6461
2243,1,2,6464
2244,1,3,6467
2245,1,4,6462
2246,1,5,6465
2247,1,6,6468
2248,1,7,6463
2249,1,8,6864
2250,1,9,6860
2251,1,1,6863
2252,1,2,6866
2253,1,3,6861
2254,1,4,6864
2255,1,5,6867
2256,1,6,6862
2257,1,7,7262
2258,1,8,7258
2259,1,9,7261
2260,1,1,7264
2261,1,2,7259
2262,1,3,7262
2263,1,4,7265
2264,1,5,7260
2265,1,6,7362
2266,1,7,7358
2267,1,8,7361
2268,1,9,7364
2269,1,1,7359
2270,1,2,7362
2271,1,3,7365
2272,1,4,7360
2273,1,5,7362
2274,1,6,7358
2275,1,7,7361
2276,1,8,7364
2277,1,9,7359
2278,1,1,7362
2279,1,2,7365
2280,1,3,7360
2281,1,4,7262
2282,1,5,7258
2283,1,6,7261
2284,1,7,7264
2285,1,8,7259
2286,1,9,7262
2287,1,1,7265
2288,1,2,7260
2289,1,3,7262
2290,1,4,7258
2291,1,5,7261
2292,1,6,7264
2293,1,7,7259
2294,1,8,7262
2295,1,9,7265
2296,1,1,7260
2297,1,2,6763
2298,1,3,6759
2299,1,4,6762
2300,1,5,6765
2301,1,6,6760
2302,1,7,6763
2303,1,8,6766
2304,1,9,6761
2305,1,1,6665
2306,1,2,6661
2307,1,3,6664
2308,1,4,6667
2309,1,5,6662
2310,1,6,6665
2311,1,7,6668
2312,1,8,6663
2313,1,9,6567
2314,1,1,6563
2315,1,2,6566
2316,1,3,6569
2317,1,4,6564
2318,1,5,6567
2319,1,6,6570
2320,1,7,6565
2321,1,8,6568
2322,1,9,6564
2323,1,1,6567
2324,1,2,6570
2325,1,3,6565
2326,1,4,6568
2327,1,5,6571
2328,1,6,6566
2329,1,7,6471
2330,1,8,6467
2331,1,9,6470
2332,1,1,6473
2333,1,2,6468
2334,1,3,6471
2335,1,4,6474
2336,1,5,6469
2337,1,6,6373
2338,1,7,6369
2339,1,8,6372
2340,1,9,6375
2341,1,1,6370
2342,1,2,6373
2343,1,3,6376
2344,1,4,6371
2345,1,5,6174
2346,1,6,6170
2347,1,7,6173
2348,1,8,6176
2349,1,9,6171
2350,1,1,6174
2351,1,2,6177
2352,1,3,6172
2353,1,4,6075
2354,1,5,6071
2355,1,6,6074
2356,1,7,6077
2357,1,8,6072
2358,1,9,6075
2359,1,1,6078
2360,1,2,6073
2361,1,3,5975
2362,1,4,5971
2363,1,5,5974
2364,1,6,5977
2365,1,7,5972
2366,1,8,5975
2367,1,9,5978
2368,1,1,5973
2369,1,2,5975
2370,1,3,5971
2371,1,4,5974
2372,1,5,5977
2373,1,6,5972
2374,1,7,5975
2375,1,8,5978
2376,1,9,5973
2377,1,1,5975
2378,1,2,5971
2379,1,3,5974
2380,1,4,5977
2381,1,5,5972
2382,1,6,5975
2383,1,7,5978
2384,1,8,5973
2385,1,9,5974
2386,1,1,5970
2387,1,2,5973
2388,1,3,5976
2389,1,4,5971
2390,1,5,5974
2391,1,6,5977
2392,1,7,5972
2393,1,8,6073
2394,1,9,6069
2395,1,1,6072
2396,1,2,6075
2397,1,3,6070
2398,1,4,6073
2399,1,5,6076
2400,1,6,6071
2401,1,7,6173
2402,1,8,6169
2403,1,9,6172
2404,1,1,6175
2405,1,2,6170
2406,1,3,6173
2407,1,4,6176
2408,1,5,6171
2409,1,6,6271
2410,1,7,6267
2411,1,8,6270
2412,1,9,6273
2413,1,1,6268
2414,1,2,6271
2415,1,3,6274
2416,1,4,6269
2417,1,5,6270
2418,1,6,6266
2419,1,7,6269
2420,1,8,6272
2421,1,9,6267
2422,1,1,6270
2423,1,2,6273
2424,1,3,6268
2425,1,4,6269
2426,1,5,6265
2427,1,6,6268
2428,1,7,6271
2429,1,8,6266
2430,1,9,6269
2431,1,1,6272
2432,1,2,6267
2433,1,3,6167
2434,1,4,6163
2435,1,5,6166
2436,1,6,6169
2437,1,7,6164
2438,1,8,6167
2439,1,9,6170
2440,1,1,6165
2441,1,2,5967
2442,1,3,5963
2443,1,4,5966
2444,1,5,5969
2445,1,6,5964
2446,1,7,5967
2447,1,8,5970
2448,1,9,5965
2449,1,1,5666
2450,1,2,5662
2451,1,3,5665
2452,1,4,5668
2453,1,5,5663
2454,1,6,5666
2455,1,7,5669
2456,1,8,5664
2457,1,9,5366
2458,1,1,5362
2459,1,2,5365
2460,1,3,5368
2461,1,4,5363
2462,1,5,5366
2463,1,6,5369
2464,1,7,5364
2465,1,8,5066
2466,1,9,5062
2467,1,1,5065
2468,1,2,5068
2469,1,3,5063
2470,1,4,5066
2471,1,5,5069
2472,1,6,5064
2473,1,7,4867
2474,1,8,4863
2475,1,9,4866
2476,1,1,4869
2477,1,2,4864
2478,1,3,4867
2479,1,4,4870
2480,1,5,4865
2481,1,6,4768
2482,1,7,4764
2483,1,8,4767
2484,1,9,4770
2485,1,1,4765
2486,1,2,4768
2487,1,3,4771
2488,1,4,4766
2489,1,5,4669
2490,1,6,4665
2491,1,7,4668
2492,1,8,4671
2493,1,9,4666
2494,1,1,4669
2495,1,2,4672
2496,1,3,4667
2497,1,4,4771
2498,1,5,4767
2499,1,6,4770
2500,1,7,4773
2501,1,8,4768
2502,1,9,4771
2503,1,1,4774
2504,1,2,4769
2505,1,3,4872
2506,1,4,4868
2507,1,5,4871
2508,1,6,4874
2509,1,7,4869
2510,1,8,4872
2511,1,9,4875
2512,1,1,4870
2513,1,2,5074
2514,1,3,5070
2515,1,4,5073
2516,1,5,5076
2517,1,6,5071
2518,1,7,5074
2519,1,8,5077
2520,1,9,5072
2521,1,1,5375
2522,1,2,5371
2523,1,3,5374
2524,1,4,5377
2525,1,5,5372
2526,1,6,5375
2527,1,7,5378
2528,1,8,5373
2529,1,9,5675
2530,1,1,5671
2531,1,2,5674
2532,1,3,5677
2533,1,4,5672
2534,1,5,5675
2535,1,6,5678
2536,1,7,5673
2537,1,8,5875
2538,1,9,5871
2539,1,1,5874
2540,1,2,5877
2541,1,3,5872
2542,1,4,5875
2543,1,5,5878
2544,1,6,5873
2545,1,7,6075
2546,1,8,6071
2547,1,9,6074
2548,1,1,6077
2549,1,2,6072
2550,1,3,6075
2551,1,4,6078
2552,1,5,6073
2553,1,6,6275
2554,1,7,6271
2555,1,8,6274
2556,1,9,6277
2557,1,1,6272
2558,1,2,6275
2559,1,3,6278
2560,1,4,6273
2561,1,5,6275
2562,1,6,6271
2563,1,7,6274
2564,1,8,6277
2565,1,9,6272
2566,1,1,6275
2567,1,2,6278
2568,1,3,6273
2569,1,4,6274
2570,1,5,6270
2571,1,6,6273
2572,1,7,6276
2573,1,8,6271
2574,1,9,6274
2575,1,1,6277
2576,1,2,6272
2577,1,3,6173
2578,1,4,6169
2579,1,5,6172
2580,1,6,6175
2581,1,7,6170
2582,1,8,6173
2583,1,9,6176
2584,1,1,6171
2585,1,2,6073
2586,1,3,6069
2587,1,4,6072
2588,1,5,6075
2589,1,6,6070
2590,1,7,6073
2591,1,8,6076
2592,1,9,6071
2593,1,1,5773
2594,1,2,5769
2595,1,3,5772
2596,1,4,5775
2597,1,5,5770
2598,1,6,5773
2599,1,7,5776
2600,1,8,5771
2601,1,9,5572
2602,1,1,5568
2603,1,2,5571
2604,1,3,5574
2605,1,4,5569
2606,1,5,5572
2607,1,6,5575
2608,1,7,5570
2609,1,8,5373
2610,1,9,5369
2611,1,1,5372
2612,1,2,5375
2613,1,3,5370
2614,1,4,5373
2615,1,5,5376
2616,1,6,5371
2617,1,7,5173
2618,1,8,5169
2619,1,9,5172
2620,1,1,5175
2621,1,2,5170
2622,1,3,5173
2623,1,4,5176
2624,1,5,5171
2625,1,6,5074
2626,1,7,5070
2627,1,8,5073
2628,1,9,5076
2629,1,1,5071
2630,1,2,5074
2631,1,3,5077
2632,1,4,5072
2633,1,5,5075
2634,1,6,5071
2635,1,7,5074
2636,1,8,5077
2637,1,9,5072
2638,1,1,5075
2639,1,2,5078
2640,1,3,5073
2641,1,4,5076
2642,1,5,5072
2643,1,6,5075
2644,1,7,5078
2645,1,8,5073
2646,1,9,5076
2647,1,1,5079
2648,1,2,5074
2649,1,3,5277
2650,1,4,5273
2651,1,5,5276
2652,1,6,5279
2653,1,7,5274
2654,1,8,5277
2655,1,9,5280
2656,1,1,5275
2657,1,2,5478
2658,1,3,5474
2659,1,4,5477
2660,1,5,5480
2661,1,6,5475
2662,1,7,5478
2663,1,8,5481
2664,1,9,5476
2665,1,1,5679
2666,1,2,5675
2667,1,3,5678
2668,1,4,5681
2669,1,5,5676
2670,1,6,5679
2671,1,7,5682
2672,1,8,5677
2673,1,9,5979
2674,1,1,5975
2675,1,2,5978
2676,1,3,5981
2677,1,4,5976
2678,1,5,5979
2679,1,6,5982
2680,1,7,5977
2681,1,8,6179
2682,1,9,6175
2683,1,1,6178
2684,1,2,6181
2685,1,3,6176
2686,1,4,6179
2687,1,5,6182
2688,1,6,6177
2689,1,7,6379
2690,1,8,6375
2691,1,9,6378
2692,1,1,6381
2693,1,2,6376
2694,1,3,6379
2695,1,4,6382
2696,1,5,6377
2697,1,6,6479
2698,1,7,6475
2699,1,8,6478
2700,1,9,6481
2701,1,1,6476
2702,1,2,6479
2703,1,3,6482
2704,1,4,6477
2705,1,5,6478
2706,1,6,6474
2707,1,7,6477
2708,1,8,6480
2709,1,9,6475
2710,1,1,6478
2711,1,2,6481
2712,1,3,6476
2713,1,4,6478
2714,1,5,6474
2715,1,6,6477
2716,1,7,6480
2717,1,8,6475
2718,1,9,6478
2719,1,1,6481
2720,1,2,6476
2721,1,3,6278
2722,1,4,6274
2723,1,5,6277
2724,1,6,6280
2725,1,7,6275
2726,1,8,6278
2727,1,9,6281
2728,1,1,6276
2729,1,2,5978
2730,1,3,5974
2731,1,4,5977
2732,1,5,5980
2733,1,6,5975
2734,1,7,5978
2735,1,8,5981
2736,1,9,5976
2737,1,1,5778
2738,1,2,5774
2739,1,3,5777
2740,1,4,5780
2741,1,5,5775
2742,1,6,5778
2743,1,7,5781
2744,1,8,5776
2745,1,9,5579
2746,1,1,5575
2747,1,2,5578
2748,1,3,5581
2749,1,4,5576
2750,1,5,5579
2751,1,6,5582
2752,1,7,5577
2753,1,8,5379
2754,1,9,5375
2755,1,1,5378
2756,1,2,5381
2757,1,3,5376
2758,1,4,5379
2759,1,5,5382
2760,1,6,5377
2761,1,7,5280
2762,1,8,5276
2763,1,9,5279
2764,1,1,5282
2765,1,2,5277
2766,1,3,5280
2767,1,4,5283
2768,1,5,5278
2769,1,6,5382
2770,1,7,5378
2771,1,8,5381
2772,1,9,5384
2773,1,1,5379
2774,1,2,5382
2775,1,3,5385
2776,1,4,5380
2777,1,5,5484
2778,1,6,5480
2779,1,7,5483
2780,1,8,5486
2781,1,9,5481
2782,1,1,5484
2783,1,2,5487
2784,1,3,5482
2785,1,4,5685
2786,1,5,5681
2787,1,6,5684
2788,1,7,5687
2789,1,8,5682
2790,1,9,5685
2791,1,1,5688
2792,1,2,5683
2793,1,3,5885
2794,1,4,5881
2795,1,5,5884
2796,1,6,5887
2797,1,7,5882
2798,1,8,5885
2799,1,9,5888
2800,1,1,5883
2801,1,2,6186
2802,1,3,6182
2803,1,4,6185
2804,1,5,6188
2805,1,6,6183
2806,1,7,6186
2807,1,8,6189
2808,1,9,6184
2809,1,1,6486
2810,1,2,6482
2811,1,3,6485
2812,1,4,6488
2813,1,5,6483
2814,1,6,6486
2815,1,7,6489
2816,1,8,6484
2817,1,9,6586
2818,1,1,6582
2819,1,2,6585
2820,1,3,6588
2821,1,4,6583
2822,1,5,6586
2823,1,6,6589
2824,1,7,6584
2825,1,8,6586
2826,1,9,6582
2827,1,1,6585
2828,1,2,6588
2829,1,3,6583
2830,1,4,6586
2831,1,5,6589
2832,1,6,6584
2833,1,7,6586
2834,1,8,6582
2835,1,9,6585
2836,1,1,6588
2837,1,2,6583
2838,1,3,6586
2839,1,4,6589
2840,1,5,6584
2841,1,6,6586
2842,1,7,6582
2843,1,8,6585
2844,1,9,6588
2845,1,1,6583
2846,1,2,6586
2847,1,3,6589
2848,1,4,6584
2849,1,5,6586
2850,1,6,6582
2851,1,7,6585
2852,1,8,6588
2853,1,9,6583
2854,1,1,6586
2855,1,2,6589
2856,1,3,6584
2857,1,4,6587
2858,1,5,6583
2859,1,6,6586
2860,1,7,6589
2861,1,8,6584
2862,1,9,6587
2863,1,1,6590
2864,1,2,6585
2865,1,3,6688
2866,1,4,6684
2867,1,5,6687
2868,1,6,6690
2869,1,7,6685
2870,1,8,6688
2871,1,9,6691
2872,1,1,6686
2873,1,2,6889
2874,1,3,6885
2875,1,4,6888
2876,1,5,6891
2877,1,6,6886
2878,1,7,6889
2879,1,8,6892
2880,1,9,6887
2881,1,1,7190
2882,1,2,7186
2883,1,3,7189
2884,1,4,7192
2885,1,5,7187
2886,1,6,7190
2887,1,7,7193
2888,1,8,7188
2889,1,9,7490
2890,1,1,7486
2891,1,2,7489
2892,1,3,7492
2893,1,4,7487
2894,1,5,7490
2895,1,6,7493
2896,1,7,7488
2897,1,8,7890
2898,1,9,7886
2899,1,1,7889
2900,1,2,7892
2901,1,3,7887
2902,1,4,7890
2903,1,5,7893
2904,1,6,7888
2905,1,7,8290
2906,1,8,8286
2907,1,9,8289
2908,1,1,8292
2909,1,2,8287
2910,1,3,8290
2911,1,4,8293
2912,1,5,8288
2913,1,6,8689
2914,1,7,8685
2915,1,8,8688
2916,1,9,8691
2917,1,1,8686
2918,1,2,8689
2919,1,3,8692
2920,1,4,8687
2921,1,5,9089
2922,1,6,9085
2923,1,7,9088
2924,1,8,9091
2925,1,9,9086
2926,1,1,9089
2927,1,2,9092
2928,1,3,9087
2929,1,4,9389
2930,1,5,9385
2931,1,6,9388
2932,1,7,9391
2933,1,8,9386
2934,1,9,9389
2935,1,1,9392
2936,1,2,9387
2937,1,3,9490
2938,1,4,9486
2939,1,5,9489
2940,1,6,9492
2941,1,7,9487
2942,1,8,9490
2943,1,9,9493
2944,1,1,9488
2945,1,2,9590
2946,1,3,9586
2947,1,4,9589
2948,1,5,9592
2949,1,6,9587
2950,1,7,9590
2951,1,8,9593
2952,1,9,9588
2953,1,1,9490
2954,1,2,9486
2955,1,3,9489
2956,1,4,9492
2957,1,5,9487
2958,1,6,9490
2959,1,7,9493
2960,1,8,9488
2961,1,9,9290
2962,1,1,9286
2963,1,2,9289
2964,1,3,9292
2965,1,4,9287
2966,1,5,9290
2967,1,6,9293
2968,1,7,9288
2969,1,8,8990
2970,1,9,8986
2971,1,1,8989
2972,1,2,8992
2973,1,3,8987
2974,1,4,8990
2975,1,5,8993
2976,1,6,8988
2977,1,7,8590
2978,1,8,8586
2979,1,9,8589
2980,1,1,8592
2981,1,2,8587
2982,1,3,8590
2983,1,4,8593
2984,1,5,8588
2985,1,6,8190
2986,1,7,8186
2987,1,8,8189
2988,1,9,8192
2989,1,1,8187
2990,1,2,8190
2991,1,3,8193
2992,1,4,8188
2993,1,5,7590
2994,1,6,7586
2995,1,7,7589
2996,1,8,7592
2997,1,9,7587
2998,1,1,7590
2999,1,2,7593
3000,1,3,7588
3001,1,4,6990
3002,1,5,6986
3003,1,6,6989
3004,1,7,6992
3005,1,8,6987
3006,1,9,6990
3007,1,1,6993
3008,1,2,6988
3009,1,3,6490
3010,1,4,6486
3011,1,5,6489
3012,1,6,6492
3013,1,7,6487
3014,1,8,6490
3015,1,9,6493
3016,1,1,6488
3017,1,2,6190
3018,1,3,6186
3019,1,4,6189
3020,1,5,6192
3021,1,6,6187
3022,1,7,6190
3023,1,8,6193
3024,1,9,6188
3025,1,1,5790
3026,1,2,5786
3027,1,3,5789
3028,1,4,5792
3029,1,5,5787
3030,1,6,5790
3031,1,7,5793
3032,1,8,5788
3033,1,9,5591
3034,1,1,5587
3035,1,2,5590
3036,1,3,5593
3037,1,4,5588
3038,1,5,5591
3039,1,6,5594
3040,1,7,5589
3041,1,8,5492
3042,1,9,5488
3043,1,1,5491
3044,1,2,5494
3045,1,3,5489
3046,1,4,5492
3047,1,5,5495
3048,1,6,5490
3049,1,7,5493
3050,1,8,5489
3051,1,9,5492
3052,1,1,5495
3053,1,2,5490
3054,1,3,5493
3055,1,4,5496
3056,1,5,5491
3057,1,6,5595
3058,1,7,5591
3059,1,8,5594
3060,1,9,5597
3061,1,1,5592
3062,1,2,5595
3063,1,3,5598
3064,1,4,5593
3065,1,5,5796
3066,1,6,5792
3067,1,7,5795
3068,1,8,5798
3069,1,9,5793
3070,1,1,5796
3071,1,2,5799
3072,1,3,5794
3073,1,4,5997
3074,1,5,5993
3075,1,6,5996
3076,1,7,5999
3077,1,8,5994
3078,1,9,5997
3079,1,1,6000
3080,1,2,5995
3081,1,3,6397
3082,1,4,6393
3083,1,5,6396
3084,1,6,6399
3085,1,7,6394
3086,1,8,6397
3087,1,9,6400
3088,1,1,6395
3089,1,2,6797
3090,1,3,6793
3091,1,4,6796
3092,1,5,6799
3093,1,6,6794
3094,1,7,6797
3095,1,8,6800
3096,1,9,6795
3097,1,1,7297
3098,1,2,7293
3099,1,3,7296
3100,1,4,7299
3101,1,5,7294
3102,1,6,7297
3103,1,7,7300
3104,1,8,7295
3105,1,9,7596
3106,1,1,7592
3107,1,2,7595
3108,1,3,7598
3109,1,4,7593
3110,1,5,7596
3111,1,6,7599
3112,1,7,7594
3113,1,8,7695
3114,1,9,7691
3115,1,1,7694
3116,1,2,7697
3117,1,3,7692
3118,1,4,7695
3119,1,5,7698
3120,1,6,7693
3121,1,7,7593
3122,1,8,7589
3123,1,9,7592
3124,1,1,7595
3125,1,2,7590
3126,1,3,7593
3127,1,4,7596
3128,1,5,7591
3129,1,6,7192
3130,1,7,7188
3131,1,8,7191
3132,1,9,7194
3133,1,1,7189
3134,1,2,7192
3135,1,3,7195
3136,1,4,7190
3137,1,5,6791
3138,1,6,6787
3139,1,7,6790
3140,1,8,6793
3141,1,9,6788
3142,1,1,6791
3143,1,2,6794
3144,1,3,6789
3145,1,4,6391
3146,1,5,6387
3147,1,6,6390
3148,1,7,6393
3149,1,8,6388
3150,1,9,6391
3151,1,1,6394
3152,1,2,6389
3153,1,3,6192
3154,1,4,6188
3155,1,5,6191
3156,1,6,6194
3157,1,7,6189
3158,1,8,6192
3159,1,9,6195
3160,1,1,6190
3161,1,2,5893
3162,1,3,5889
3163,1,4,5892
3164,1,5,5895
3165,1,6,5890
3166,1,7,5893
3167,1,8,5896
3168,1,9,5891
3169,1,1,5895
3170,1,2,5891
3171,1,3,5894
3172,1,4,5897
3173,1,5,5892
3174,1,6,5895
3175,1,7,5898
3176,1,8,5893
3177,1,9,5896
3178,1,1,5892
3179,1,2,5895
3180,1,3,5898
3181,1,4,5893
3182,1,5,5896
3183,1,6,5899
3184,1,7,5894
3185,1,8,6098
3186,1,9,6094
3187,1,1,6097
3188,1,2,6100
3189,1,3,6095
3190,1,4,6098
3191,1,5,6101
3192,1,6,6096
3193,1,7,6098
3194,1,8,6094
3195,1,9,6097
3196,1,1,6100
3197,1,2,6095
3198,1,3,6098
3199,1,4,6101
3200,1,5,6096
3201,1,6,6599
3202,1,7,6595
3203,1,8,6598
3204,1,9,6601
3205,1,1,6596
3206,1,2,6599
3207,1,3,6602
3208,1,4,6597
3209,1,5,6897
3210,1,6,6893
3211,1,7,6896
3212,1,8,6899
3213,1,9,6894
3214,1,1,6897
3215,1,2,6900
3216,1,3,6895
3217,1,4,7396
3218,1,5,7392
3219,1,6,7395
3220,1,7,7398
3221,1,8,7393
3222,1,9,7396
3223,1,1,7399
3224,1,2,7394
3225,1,3,7396
3226,1,4,7392
3227,1,5,7395
3228,1,6,7398
3229,1,7,7393
3230,1,8,7396
3231,1,9,7399
3232,1,1,7394
3233,1,2,8090
3234,1,3,8086
3235,1,4,8089
3236,1,5,8092
3237,1,6,8087
3238,1,7,8090
3239,1,8,8093
3240,1,9,8088
3241,1,1,8088
3242,1,2,8084
3243,1,3,8087
3244,1,4,8090
3245,1,5,8085
3246,1,6,8088
3247,1,7,8091
3248,1,8,8086
3249,1,9,7986
3250,1,1,7982
3251,1,2,7985
3252,1,3,7988
3253,1,4,7983
3254,1,5,7986
3255,1,6,7989
3256,1,7,7984
3257,1,8,7884
3258,1,9,7880
3259,1,1,7883
3260,1,2,7886
3261,1,3,7881
3262,1,4,7884
3263,1,5,7887
3264,1,6,7882
3265,1,7,7684
3266,1,8,7680
3267,1,9,7683
3268,1,1,7686
3269,1,2,7681
3270,1,3,7684
3271,1,4,7687
3272,1,5,7682
3273,1,6,7585
3274,1,7,7581
3275,1,8,7584
3276,1,9,7587
3277,1,1,7582
3278,1,2,7585
3279,1,3,7588
3280,1,4,7583
3281,1,5,7586
3282,1,6,7582
3283,1,7,7585
3284,1,8,7588
3285,1,9,7583
3286,1,1,7586
3287,1,2,7589
3288,1,3,7584
3289,1,4,7589
3290,1,5,7585
3291,1,6,7588
3292,1,7,7591
3293,1,8,7586
3294,1,9,7589
3295,1,1,7592
3296,1,2,7587
3297,1,3,7793
3298,1,4,7789
3299,1,5,7792
3300,1,6,7795
3301,1,7,7790
3302,1,8,7793
3303,1,9,7796
3304,1,1,7791
3305,1,2,8198
3306,1,3,8194
3307,1,4,8197
3308,1,5,8200
3309,1,6,8195
3310,1,7,8198
3311,1,8,8201
3312,1,9,8196
